{
  "precision": 0.7307033194046669,
  "recall": 0.6549293552018348,
  "f1": 0.6907444701496264,
  "auc": 0.9607070957312572
}